<?xml version="1.0" encoding="UTF-8"?>

<root>


 <array id="PARAMETERS">

  <!-- Application parameters. -->
  <node id="APPLICATION"
   program_id="Crimsonland"
   name="Crimsonland"
   short_name="Crimsonland"
   desc="Crimsonland."
   developer="10tons"
   version="1.0.0"
   _locale=""
   fps_limit="140"
   reference_resolution="960x640"
   packages="data"
   features="TRIAL,ACHIEVEMENTS,_LEADERBOARDS,_IN_APP_PURCHASES,ANALYST,_NEWS,_NO_MULTITHREADED_LOADING"
   control_interfaces="GAMEPAD,MOUSE,TOUCH,KEYBOARD"
   manifest="manifest-data.xml"
   steam_app_id="262830"
  />

 </array>



 <!-- Application build variants for different platforms and devices. -->
 <array id="VARIANTS">

  <!-- Microsoft Windows -->
  <node id="WINDOWS"
   version="1.0.1"
   control_interfaces="GAMEPAD,MOUSE,KEYBOARD"
   resolutions="1920x1440,1920x1200,1920x1080,1856x1392,1768x992,1680x1050,1600x1200,1600x1024,1600x900,1440x900,1400x1050,1366x768,1360x768,1280x1024,1280x960,1280x800,1280x768,1280x720,1152x864,1024x768,1024x600,960x600,800x600,640x480"
   features="WINDOWED_TOGGLE,START_FULLSCREEN,PC_CONTROLS,MERCHANDISE_AD,FREE_RESOLUTION,DISPLAY_OPTIONS"
   addon_packages="data-1080p"
  />

  <!-- Apple Mac OS X -->
  <node id="MAC"
   resolutions="1280x800,1280x720,1024x768,800x600"
   features="WINDOWED_TOGGLE"
   addon_packages=""
  />

   <!-- Linux -->
  <node id="LINUX"
   version="1.0.1"
   control_interfaces="GAMEPAD,MOUSE,KEYBOARD"
   resolutions="1920x1440,1920x1200,1920x1080,1856x1392,1768x992,1680x1050,1600x1200,1600x1024,1600x900,1440x900,1400x1050,1366x768,1360x768,1280x1024,1280x960,1280x800,1280x768,1280x720,1152x864,1024x768,1024x600,960x600,800x600,640x480"
   features="WINDOWED_TOGGLE,START_FULLSCREEN,PC_CONTROLS,MERCHANDISE_AD,FREE_RESOLUTION,DISPLAY_OPTIONS"
   addon_packages="data-1080p"
  />
  
  <!-- Apple iPhone, iPod touch -->
  <node id="IOS/SMALL"
   reference_resolution="960x640"
   resolutions="1136x640,960x640,480x320"
   features="_GAME_CENTER,NO_COOP,VIRTUAL_CONTROLS,MULTITOUCH,ZOOM_IN"
   addon_packages=""
   control_interfaces="TOUCH,GAMEPAD"
   flurry_id="T7476HDJ6R85P6J8JCYB"
  />

  <!-- Apple iPad -->
  <node id="IOS/LARGE"
   resolutions="1536x2048,1024x768"
   features="_GAME_CENTER,NO_COOP,VIRTUAL_CONTROLS,MULTITOUCH"
   addon_packages="@res1536x2048:data-1080p"
   control_interfaces="TOUCH,GAMEPAD"
   flurry_id="T7476HDJ6R85P6J8JCYB"
  />


  <!-- Google Android -->
  <node id="ANDROID"
   resolutions="*"
   features="NO_COOP"
   addon_packages=""
  />

  <!-- PS3 -->
  <node id="PS3"
   resolutions="1280x720"
   control_interfaces="GAMEPAD"
   features=""
   scee_content_id="EP4403-PCSB00581_00-CRIMSONLAND11111"
   scee_title_id="PCSB00581_00"
   scea_content_id="UP4403-PCSE00453_00-CRIMSONLAND11111"
   scea_title_id="PCSE00453_00"
   /> 
   
  <!-- PS Vita -->
  <node id="PS_VITA"
   resolutions="960x544"
   control_interfaces="GAMEPAD,TOUCH"
   features="SEND_ACHIEVEMENTS_MULTIPLE_TIMES,PS_VITA_CONTROLS,ZOOM_IN,NO_GAMEPAD_SHOULDER_BUTTONS,TROPHIES,NO_COOP,GAMEPAD_CONTROLS,GAME_CENTER,NO_EXTERNAL_LINKS,NO_TRIAL_ACHIEVEMENTS,HIDE_ACHIEVEMENT_NOTIFICATIONS,NO_ACHIEVEMENT_SYNCING_ON_AUTHENTICATION,AUTOMATIC_PROFILE_NAMING"
   scee_content_id="EP4403-PCSB00581_00-CRIMSONLAND11111"
   scee_title_id="PCSB00581_00"
   scea_content_id="UP4403-PCSE00453_00-CRIMSONLAND11111"
   scea_title_id="PCSE00453_00"
	addon_packages="data-psvita,data-ru"
   /> 
  
  <node id="PS4"
   resolutions="1920x1080"
   control_interfaces="GAMEPAD"
   features="SEND_ACHIEVEMENTS_MULTIPLE_TIMES,PS4_CONTROLS,TROPHIES,NO_EXTERNAL_LINKS,GAME_CENTER,LEADERBOARDS,NO_TRIAL_ACHIEVEMENTS,HIDE_ACHIEVEMENT_NOTIFICATIONS,NO_ACHIEVEMENT_SYNCING_ON_AUTHENTICATION,AUTOMATIC_PROFILE_NAMING"
   addon_packages="data-ps4"
  />  

  
 </array>
 
</root>

